,name,price
0,Seat Ibiza essence,53000DH
1,هونداي طيكسو ,93000DH
2,Kangoo en vente à agadir ,125000DH
3,Toyota RAV4,70000DH
4,BMW  Serie 3 316d,240000DH
5,Hyundai Tucson 1.6 CRDI 4X2 LUXE,295000DH
6,Vw golf 7.5 gtd,330000DH
7,PORSCHE Cayenne  (VÉHICULE EXPERTISÉ),520000DH
8,Range Rover Sport,0DH
9,CHERY Tiggo (VÉHICULE EXPERTISÉ),42000DH
10,PORSCHE MACAN S,0DH
11,Audi RSQ8 Tout option,0DH
12,Peugeot Tepee,108000DH
13,Maserati Ghibli,0DH
14,MERCEDES C 220 AVANTGARDE BVA DOUANE2015 TTOPTIONS,198000DH
15,Renault,68000DH
16,Porsche cayenne GTS Essence ,108000DH
17,ssangyong stavic tre bon eta,75000DH
18,Renault Captur ,0DH
19,Skoda octavia Automatique Diesel,0DH
20,Range Rover Évoque ,395000DH
21,Volkswagen passat Automatique diesel,0DH
22,Nissan Qashqai noveau Diesel,0DH
23,Porshe Macan,670000DH
24,Alfa Roméo Stelvio neuf,285000DH
25,Ferrari California,0DH
26,Hyundai tucson Automatique Diesel 4x4,0DH
27,ISUZU D-MAX,0DH
28,MERCEDES E 250 DIESEL AUTOMATIQUE,96000DH
29,Seat Leon diesel,155000DH
30,Evoque r-dynamique,0DH
31,CLIO ESSENCE AUTOMATIQUE DEDOUANEE,56000DH
32,Mercedes 240,24000DH
33,Jeep Grand Cherokee 1ere main,265000DH
34,Volkswagen golf jtd,0DH
35,Seat Ibiza essence,53000DH
36,هونداي طيكسو ,93000DH
37,Kangoo en vente à agadir ,125000DH
38,Toyota RAV4,70000DH
39,BMW  Serie 3 316d,240000DH
40,Hyundai Tucson 1.6 CRDI 4X2 LUXE,295000DH
41,Vw golf 7.5 gtd,330000DH
42,PORSCHE Cayenne  (VÉHICULE EXPERTISÉ),520000DH
43,Range Rover Sport,0DH
44,CHERY Tiggo (VÉHICULE EXPERTISÉ),42000DH
45,PORSCHE MACAN S,0DH
46,Audi RSQ8 Tout option,0DH
47,Peugeot Tepee,108000DH
48,Maserati Ghibli,0DH
49,MERCEDES C 220 AVANTGARDE BVA DOUANE2015 TTOPTIONS,198000DH
50,Renault,68000DH
51,Porsche cayenne GTS Essence ,108000DH
52,ssangyong stavic tre bon eta,75000DH
53,Renault Captur ,0DH
54,Skoda octavia Automatique Diesel,0DH
55,Range Rover Évoque ,395000DH
56,Volkswagen passat Automatique diesel,0DH
57,Nissan Qashqai noveau Diesel,0DH
58,Porshe Macan,670000DH
59,Alfa Roméo Stelvio neuf,285000DH
60,Ferrari California,0DH
61,Hyundai tucson Automatique Diesel 4x4,0DH
62,ISUZU D-MAX,0DH
63,MERCEDES E 250 DIESEL AUTOMATIQUE,96000DH
64,Seat Leon diesel,155000DH
65,Evoque r-dynamique,0DH
66,CLIO ESSENCE AUTOMATIQUE DEDOUANEE,56000DH
67,Mercedes 240,24000DH
68,Jeep Grand Cherokee 1ere main,265000DH
69,Volkswagen golf jtd,0DH
70,BMW série 3 coupé Diesel très bon état,125000DH
71,Bentley Continental GT Super Sport,0DH
72,Citroen C5,98000DH
73,Ford Kuga TITANIUM,183000DH
74,Logan diesel tôt option,0DH
75,kadjar explore ,187000DH
76,citroen c3 essence,73000DH
77,fiat tipo ww,0DH
78,Range Rover Sport Autobiographie,0DH
79,BMW 320 d  M Sport importée neuve,0DH
80,DACIA Dokker (VÉHICULE EXPERTISÉ),140000DH
81,RENAULT Megane 3 (VÉHICULE EXPERTISÉ),95000DH
82,DACIA Logan (VÉHICULE EXPERTISÉ),105000DH
83,renault clio  ,0DH
84,Peugeot 208 full option,123000DH
85,ALFA ROMEO Giulietta (VÉHICULE EXPERTISÉ),110000DH
86,Bmw serie 218d pack Sport,215000DH
87,MERCEDES-BENZ Classe C (VÉHICULE EXPERTISÉ),190000DH
88,RENAULT Clio (VÉHICULE EXPERTISÉ),123000DH
89,Fiat 500 tout option,95000DH
90,Dacia duster manuelle 80 000km,135000DH
91,Peugeot 407 sw,74000DH
92,Mercedes ,43000DH
93,308 allure à vendre,0DH
94,vente audi TT ,129000DH
95,Alfa romeo ,130000DH
96,Peugeot 308 automatique ,0DH
97,CLIO CAMPUS,40000DH
98,Audi rs6 c8 full optionnnn pack rs dynamique ,1600000DH
99,Hyundai Santa Fe BVA 7 places,260000DH
100,Santafé automatique 7 place,159000DH
101,Audi A3 ,190000DH
102,Clio4 diesel,105000DH
103,AUDI Q3 (VÉHICULE EXPERTISÉ),350000DH
104,PEUGEOT 508 (VÉHICULE EXPERTISÉ),145000DH
105,DACIA Logan (VÉHICULE EXPERTISÉ),53000DH
106,Mini country man diesel automatique,135000DH
107,VOLKSWAGEN Golf 7 (VÉHICULE EXPERTISÉ),189000DH
108,C3 diesel tt option,123000DH
109,Mercedes classe c 220 AMg,0DH
110,Bmw sèrie1 essence automatique,65000DH
111,Kia Sportage automatique,88000DH
112,Mercedes Classe A200 pack AMG,0DH
113,Tucson diesel,72000DH
114,RANGE ROVER VOGUE AUTOBIOGRAPHIE ,0DH
115,Opel Insignia Diesel,80000DH
116,Bmw série 1 diesel,105000DH
117,TOUAREG R ligne ,0DH
118,Audi Q5 automatique,119000DH
119,kadjar 1ère main (lamli7),165000DH
120,Jaguar xf diesel,119000DH
121,MERCEDES BENZ GLE 350 DE 4MATIC ,1320000DH
122,volkswagen touareg,0DH
123,Renault  Grand Kangoo Diesel  Full option ,0DH
124,Fiat fiorino très propre garantie encore,115000DH
125,Clio diesel,100000DH
126,Kia ceed diesel,109000DH
127,Citroen C3 Diesel,35000DH
128,Sèrie 1 diwana,109000DH
129,Nissan Qashqai ,188000DH
130,KIA Carens  (VÉHICULE EXPERTISÉ),134000DH
131,PEUGEOT Partner Tepee (VÉHICULE EXPERTISÉ),120000DH
132,VOLKSWAGEN TIGUAN,0DH
133,LAND-ROVER Evoque (VÉHICULE EXPERTISÉ),262000DH
134,Ford Focus 1.6 Tdci Berline Etat Neuf ,147000DH
135,Golf 6 jdida,107000DH
136,MERCEDES BENZ CLASSE C220 ,865000DH
137,hyundai Elantra,138000DH
138,Land rover Evoque,0DH
139,Juke tout option,135000DH
140,RANGE ROVER VELAR D240 S,570000DH
141,C220 avant-garde ,1130000DH
142,Fiat 500x full option ,0DH
143,polo ,56000DH
144,FORD Focus  (VÉHICULE EXPERTISÉ),160000DH
145,HONDA Accord  (VÉHICULE EXPERTISÉ),95000DH
146,طومبال نقيا جمي أكسدونتى مطور ماليح,48000DH
147,Renault 12,0DH
148,Jaguar xj essence,190000DH
149,Ford feista,0DH
150,Palio essence,25000DH
151,SANTAFE HYUNDAI,117000DH
152,Citroën C4,66000DH
153,hyundai ix 35,0DH
154,voiture à vendre ,0DH
155,Renault Clio,0DH
156,Mercedes ml 420 pack amg,103000DH
157,Polo Volkswagen ,105000DH
158,Nissan Murano,0DH
159,Seat Leon FR Diesel,0DH
160,Maserati quatroporte,190000DH
161,Subaru tribeca,0DH
162,HYUNDAI H-1 (VÉHICULE EXPERTISÉ),130000DH
163,MERCEDES-BENZ Classe C (VÉHICULE EXPERTISÉ),310000DH
164,FORD Fiesta (VÉHICULE EXPERTISÉ),110000DH
165,PEUGEOT 301  (VÉHICULE EXPERTISÉ),113000DH
166,Mercedes class GLE350 Diesel,0DH
167,RENAULT Captur (VÉHICULE EXPERTISÉ),122000DH
168, Dacia   Logan,55000DH
169,VOLKSWAGEN Passat (VÉHICULE EXPERTISÉ),200000DH
170,Audi A3 Diesel,0DH
171,Range Rover Sport SVR Essence,0DH
172,BMW SÉRIE 2 220d Pack M,0DH
173,Peugeot 301,96000DH
174,BMW 520d Lounge,348000DH
175,Volkswagen Golf 8 GTD Diesel ,0DH
176,Mercedes GLC Diesel,0DH
177,Dacia,65000DH
178,AUDI A3 S LINE ,585000DH
179,peugeot partner n9ya,67000DH
180,Audi Q5 Diesel,0DH
181,Audi RSQ3 S line Essence ,0DH
182,Volkswagen Touran Diesel,0DH
183,Range Rover Vogue SVO Autobiographie,0DH
184,Porsche Cayenne Diesel,0DH
185,Audi Q3  Diesel,0DH
186,AUDI Q3 SPORTBACK 35 TDI S LINE,0DH
187,BMW,253000DH
188,Kia carens,73000DH
189,Dacia Dokker,0DH
190,Vw golf 7.5 GTD ,345000DH
191,FIAT 500 BOITE AUTOMATIQUE ,0DH
192,Porsche Cayenne Édition Platinium,0DH
193,Range Rover Evoque,0DH
194,Audi A3 sline quattro 184 cv,365000DH
195,Touareg Vw confort,0DH
196,Seat leon fr 184 cv,330000DH
197,Vw golf 7.5 gtd ,375000DH
198,citrwin ,500000DH
199,Citroen c3 ,0DH
200,Fiat 500,112000DH
201,PEUGEOT Rifter ,178000DH
202,Renault Clio 4 intense ,115000DH
203,citroen xsara ,42000DH
204,toyota rav 4,155000DH
205,tiguan Allemagne ,180000DH
206,Vw tiguan pack rline ,390000DH
207,Vw tiguan 240 cv ,455000DH
208,Tiguan 4 motion ,245000DH
209,mercedis benz,46000DH
210,Tiguan 4 motion ,245000DH
211,mercedis benz,46000DH
212,VOLKSWAGEN Passat (VÉHICULE EXPERTISÉ),105000DH
213,Renault Clio essence,98000DH
214,JEEP CHEROKEE NIGHT EAGLE 4X4,395000DH
215,Citroën  c3,44000DH
216,Chevrolet Aveo,42000DH
217,Renault Clio,118000DH
218,Renault Fluence en très bon état jamais accidenté,88000DH
219,AUDI A3 S TRONIC - S LINE INT,0DH
220,Dacia Duster Diesel finition trophy ,0DH
221,VOLKSWAGEN BORA,57000DH
222,اونو مازوط,20000DH
223,Toyota  RAV 4 hybride,0DH
224,fiat Doblo,86000DH
225,Megan 4 ,145000DH
226,Peugeot 206,55000DH
227,Audi 80 diesel,16000DH
228,Golf 2 diesel,33000DH
229,BMW 730 Ld Pack M,1070000DH
230,Porsche Cayenne ,0DH
231,Fiat fiorino,0DH
232,Partner diesel,45000DH
233,R19 essence,15000DH
234,320i,0DH
235,land rover diesel,58000DH
236,HYUNDAI SANTAFE DIESEL ,220000DH
237,FORD Focus (VÉHICULE EXPERTISÉ),177000DH
238,MERCEDES-BENZ Classe C (VÉHICULE EXPERTISÉ),210000DH
239,OPEL Astra (VÉHICULE EXPERTISÉ),158000DH
240,Accent hyondai,28000DH
241,Dacia dokker,103000DH
242,peugeot 307 diesel 6 ch,56000DH
243,seat ibiza essence,51000DH
244,Suzuki Alto,28000DH
245,Fiat500 édition sport,148000DH
246,clio diesel,33000DH
247,Peugeot    406,31000DH
248,fiat uno,25000DH
249,cady,148000DH
250,Audi Q5 40 TDI Quattro S-Tronic (204CH) 0 KM,0DH
251,Audi Q5 Sport 40 TDI Quattro S-Tronic 0 KM,0DH
252,Audi Q8 S Line 50 TDI,0DH
253,golf 4 ,0DH
254,Kangoo dci ,85000DH
255,Peugeot,72000DH
256,TOYOTA rav 4 DKD DSL 4/4,67000DH
257,Dacia logan ,55000DH
258,Volkswagen golf 8 r-line 0km,0DH
259,BMW 118D importée neuve,0DH
260,BMW 118D imprtée neuve,0DH
261,Audi Q5 2.0 TDI S-Line 190CH,0DH
262,dacia logan ,78000DH
263,Peugeot 308 ,96000DH
264,DACIA LOGAN DIESEL ,0DH
265,Golf 8 gtd (200ch) importee neuve 0km,0DH
266,BMW M440i xDrive Gran Coupé importée neuve,0DH
267,CITROËN C3 ÉDITION SPÉCIALE ÉTAT NEUF ,0DH
268,Peugeot Partner,54000DH
269,Golf4 bon etat,70000DH
270,Toyota millénium ,78000DH
271,dacia logan diesel avec clima ,82000DH
272,Renault,147000DH
273,Citroen c15,21000DH
274,Fiat ,33000DH
275,Hyundai i20,115000DH
276,Jeep Grand Cherokee 1ere main,275000DH
277,BMW 318 d  Sport Line importeé neuve 0KM,0DH
278,AUDI A6 (VÉHICULE EXPERTISÉ),270000DH
279,GOlf 7  2 L neuf ,150000DH
280,Clio 4 à vendre ,0DH
281,Citroen,132000DH
282,audi A3 bva neuve,263000DH
283,mercedes c 200,156000DH
284,Golf 8 r-line importee neuve 0km,0DH
285,Mercedes-Benz Classe GLE,0DH
286,206 essence ,62000DH
287,JEEP GRAND CHEROKEE Diesel,0DH
288,BMW 420 d MSport Coupe importée neuve,0DH
289,bmw serie 3 phase 2,95000DH
290,mini. country,136000DH
291,Golf 8 gtd (200ch) importee neuve 0km,0DH
292,FORD FOCUS sports,173000DH
293,Dockers mluha,115000DH
294,jetta première main ,180000DH
295,a5 s-line ,325000DH
296,golf 6,126000DH
297,BMW Série 5 (VÉHICULE EXPERTISÉ),255000DH
298,voiture citroen en tres bon etat,83000DH
299,volvo xc60 ,260000DH
300,Kangoo D65 ,66000DH
301,citroen xsara,42000DH
302,megane 3,83000DH
303,Volkswagen passat b8,0DH
304,MERCEDES-BENZ Classe C (VÉHICULE EXPERTISÉ),200000DH
305,AVITO bi3-liya DACIA Logan,60000DH
306,Ford fiesta essence ,65000DH
307,FIAT DOBLO,92000DH
308,renault laguna,45000DH
309,Mercedes benz 190 normal 2.5,58000DH
310,Passat cc full options,198000DH
311,Peugeot,0DH
312,Peugeot 309,27000DH
313,Kia Sportage diesel,168000DH
314,Toyota Land Cruiser prado ,0DH
315,Fiat Palio,38000DH
316,Jeep compass diesel,79000DH
317,Porsche Macan S diesel ,515000DH
318,Volkswagen GTD,0DH
319,Nissan Juke ,0DH
320,Renault Megane,60000DH
321,Hyundai H 1 ,65000DH
322,Classe E essence automatique full option,20000DH
323,Ford Focus sport ,0DH
324,Mercedes C220 avant-garde ,0DH
325,Ford kuga excellent ,0DH
326,Fiat doblo,68000DH
327,Hyundai H-1 Travel ,0DH
328,Logane prestige Tactile JPS 18,87000DH
329,Honda Jazz,0DH
330,Mercedes Classe G 63 first Edition ,0DH
331,Nissan Qashqai,0DH
332,PEUGEOT 508 (VÉHICULE EXPERTISÉ),119000DH
333,Dacia duster diesel,0DH
334,Audi RS5 blanc ,0DH
335,VOLKSWAGEN Jetta (VÉHICULE EXPERTISÉ),85000DH
336,PORSCHE Macan (VÉHICULE EXPERTISÉ),635000DH
337,SsangYong Kyron ,56000DH
338,Ford transit,127000DH
339,Class S 560 MAYBACH,0DH
340,PEUGEOT 207 (VÉHICULE EXPERTISÉ),68000DH
341,BMW X6 3.0 - X DRIVE,580000DH
342,RENAULT Kangoo (VÉHICULE EXPERTISÉ),65000DH
343,AUDI A3 SPORTBACK 1.6 TDI,258000DH
344,Dacia dokker,0DH
345,GOLF 7 - 6 CV - 1.6 TDI,248000DH
346,HYUNDAI H-1 - 9 PLACES,120000DH
347,Logan jdida,96000DH
348,LAND ROVER Evoque (VÉHICULE EXPERTISÉ),295000DH
349,Dacia Dokker Diesel toutes options,0DH
350,i 10 Hyundai,69000DH
351,Citroën C4 Diesel toutes options ,0DH
352,caddy ,0DH
353,Maserati Ghibli,0DH
354,Honda crv,87000DH
355,SUZUKI SWIFT ESSENCE 3CHOUR,67000DH
356,Ford Kuga diesel très bon état,148000DH
357,foord focus ,135000DH
358,Renault Kangoo,80000DH
359,santa fe,0DH
360,Volkswagen Touarag R Line ,280000DH
361,Mercedes-Benz C 220 d AMG Line (Importée neuve),0DH
362,Peugeot 508 Diesel 1.6,0DH
363,Volvo s60 (véhicule expertisé),148000DH
364,VOLKSWAGEN Golf 7 (VÉHICULE EXPERTISÉ),175000DH
365,Fiat Palio,0DH
366,Dongfeng Rich (VÉHICULE EXPERTISÉ),125000DH
367,HYUNDAI Santa Fe (VÉHICULE EXPERTISÉ),158000DH
368,HYUNDAI i30 (VÉHICULE EXPERTISÉ),127000DH
369,fiat fiorino,116000DH
370,TOUARG CARATLINE,105000DH
371,Citroën ,75000DH
372,c3 1.4hdi neuf,72000DH
373,Citroën berlingo xTR,100200DH
374,fiat tipo a vendre,143000DH
375,golf ,30000DH
376,Renault Kangoo,0DH
377,Citreon berlingo très bon état ,53000DH
378,Alpha Romeo Giulia,265000DH
379,Renault megane 4 intense ,179000DH
380,isuzu D-MAX,0DH
381,golf 4,48000DH
382,opel crossland x ,155000DH
383,Renault Kangoo,8200DH
384,clio,53000DH
385,mitsubishi L 200 pick-up,178000DH
386,Citroen Berlingo ,55000DH
387,Fiat 500 s,135000DH
388,Nissan x trail,72000DH
389,CITOROEN XSARA,48000DH
390,fiat,0DH
391,MERCEDES E 270 CDI AUTOMATIQUE TOIT SUPER PROPRE,87000DH
392,dacia logan toute option ,0DH
393,Dacia Docker ,100000DH
394,fiat punto classic,45000DH
395,captiva  mliha libghaha merhba,68000DH
396, Dacia Dokker,88000DH
397,fiat panda ,0DH
398,Fiat uno essance ,20000DH
399,Renault Clio ,40000DH
400,Renault Mégane sedane explore,149000DH
401,chevrolet  spark,45000DH
402,Mercedes class B,70000DH
403,Audi Q7 sline quatro,189000DH
404,Dacia duster Diesel 4x4,113000DH
405,volkswagen ,23000DH
406,c 220,147000DH
407,Dacia Logan ,115000DH
408,Suzuki célerio,52000DH
409,Mercedes C220 ,155000DH
410,volkswagen ,118000DH
411,Maserati Levante Pack Sport ,0DH
412,VOLKSWAGEN Passat Diesel   Automatique,0DH
413,Bmw 320d e90 ,86000DH
414,honda accord 2.4,76000DH
415,ford fiesta 2 porte,16000DH
416,BMW série 1,0DH
417,BMW serie 1 ,95000DH
418,Dacia Dokker,0DH
419,volkswagen ,170000DH
420,Dacia logan ,102000DH
421,ToYoTa corolla ,154000DH
422,Audi Q3 40 TDI S LINE,0DH
423,Honda Civic,33000DH
424,Audi a3 sline quattro,235000DH
425,Partner tepee,0DH
426,Dokker van,95000DH
427,Ford Kuga 2.0tdci 86000km ,190000DH
428,Opel Movano H2L2,185000DH
429,hyundai ix35 ,138000DH
430,Volvo s60 propre automatique ,60000DH
431,Peugeot 206,48500DH
432,rangerover dienamieqe plus,400000DH
433,Toyota yaris,95000DH
434,Mercedes Classe C 220 Pack AMG Full,450000DH
435,Fiat punto ,59500DH
436,Toyota Hilux à vendre ,165000DH
437,Birlingo llbi3,56000DH
438,dacia logan premiere main,67000DH
439,peugot 308 pack alure mliha,0DH
440,Ford ecosport à vendre,150000DH
441,peugeot partner بارتنر,50000DH
442,duster premiere main,0DH
443,206 plus diesel,67000DH
444,Kia ,52000DH
445,Volkswagen ,0DH
446,Suzuki Vitara Essence,78000DH
447,Mercedes Classe C 220d pack amg,0DH
448,Volkswagen Tiguan R-line,0DH
449,Volksvagen Touareg,280000DH
450,renault megan ,0DH
451,Toyota corola,60000DH
452,Suzuki Alto ,35000DH
453,c15 bon etat,45000DH
454,Porsche Cayenne 1ere main,265000DH
455,Kia picanto modèle mois 11/2006,52000DH
456,Polo SDI,0DH
457,clio 4,110000DH
458,toyota avensis,85000DH
459,golf 6,115000DH
460,Renault 19 storia,0DH
461,ford fiesta ,0DH
462,Kia BESTA,45000DH
463,Mercedes-Benz 190,0DH
464,Renault megane 4 diesel,145000DH
465,Dacia Stepway prestige,0DH
466,Dacia logan,53000DH
467,golf 6,126000DH
468,Peugeot 207,72000DH
469,Mini Cooper S,54000DH
470,LAND-ROVER Range Rover Sport  (VÉHICULE EXPERTISÉ),715000DH
471,Range rover,475000DH
472,Ssangyong STAVIC,70000DH
473,Fiorino garantie,115000DH
474,Citroën berlingo ,102000DH
475,Amarok à vendre ,0DH
476,volkswagen polo,65000DH
477,Mercedes classe S 350d pack AMG,0DH
478,Hyundai Tucson CRDI,78000DH
479,RAV4 DIESEL ,52000DH
480,dacia logan,64000DH
481,ROLLS ROYCE WRAITH ,0DH
482,fiat siena,40000DH
483,Honda civic essence automatique ,72000DH
484,Nissan qashqai ,208000DH
485,BMW serie 3 cabriolet ,0DH
486,Mercedes E220,0DH
487,Bentley continental v12 essence,0DH
488,citroen  c15,0DH
489,Renault Express Diesel 1.5 L ,139000DH
490,bmw x6,240000DH
491,fiat Pinto,43000DH
492,Mazda 3 essence,99000DH
493,partner chinwia,62000DH
494,renault clio,50000DH
495,Fiat bravo ,85000DH
496,Renault Kangoo,73000DH
497,Mercedes Classe GLE 250d 4 matic,365000DH
498,Renault Captur BVA,0DH
499,Golf 7 highline toit 28000km,205000DH
500,volkswagen polo  première main,120000DH
501,Mercedes e250,155000DH
502,seat  leon ,0DH
503,Audi Q2 première main,225000DH
504,Duster automatique ,168000DH
505,Audi A3 SLine,315000DH
506,ford focus ,122000DH
507,Porsche Carrera 911,0DH
508,Jeep Renegade ,0DH
509,SSANGYONG Kyron (VÉHICULE EXPERTISÉ) ,60000DH
510,Golf 2 ,31000DH
511,Honda City,65000DH
512,Hyundai i30 Diesel,185000DH
513,Ford.fiesta,0DH
514,Peugeot Essence 1.2 ,62000DH
515,fiat Palio ,0DH
516,Seat Ibiza,0DH
517,Volkswagen Caddy,155000DH
518,Peugeot 301,87000DH
519,clio 5 neuf ,180000DH
520,PEUGEOT PARTNER EN BONNE ETAT,0DH
521,BMW Diesel,0DH
522,ford ghia cmax diesel ,83000DH
523,Peugeot 309,27000DH
524,Renault cilo ,23000DH
525,Toyota Rav4,115000DH
526,Dacia dokker stepway,128000DH
527,bmw 3.18d série 3,93000DH
528,Volkswagen golf 5,88000DH
529,Volkswagen jetta ,0DH
530,grand Fiat Punto mazot,58000DH
531,voiture très bonne état ,145000DH
532,Kia sortent,68000DH
533,kia picanto,50000DH
534,Peujeot 208,0DH
535,Volkswagen ,0DH
536,Tiguan,132000DH
537,Dacia Dokker,123000DH
538,Logan,89000DH
539,Hyundai Honda Accor ,47000DH
540,c3 diesel ,127000DH
541,Ford Focus à vendre ,0DH
542,Land rover ,58000DH
543,dacia duster,148000DH
544,passat cc,0DH
545,Audi 3 excellente,250000DH
546,Opel astra n9ia kssabia ,60000DH
547,clio 4,110000DH
548,Volkswagen Golf 8 GTD 2.0 TDI SCR,510000DH
549,Jaguar XF,290000DH
550,Peugeot 306 ,27000DH
551,fiat uno,25000DH
552,hyundai i10,63000DH
553,OPEL Astra1.5 CDTi 122 BVA Elegance,225000DH
554,Citroen C1,62000DH
555,Punto,92000DH
556,renault 19 ,45000DH
557,Porche Cayenne ,290000DH
558,Renault Kangoo,68000DH
559,Peugeot  rifter avec clim 1er main,125000DH
560,tigwane 1 ere main presque neuf,0DH
561,Audi R8 Spyder 5.2 V10 FSI 525 R-TRONIC,0DH
562,VOLKSWAGEN Passat (VÉHICULE EXPERTISÉ),85000DH
563,SMART Fortwo (VÉHICULE EXPERTISÉ),79000DH
564,POLO GTi,85000DH
565,HONDA CIty,49000DH
566,dacia logan dci,57000DH
567,AUDI A3 Sportback (VÉHICULE EXPERTISÉ) ,280000DH
568,Volkswagen tiguan diesel ,0DH
569,VOLKSWAGEN CC (VÉHICULE EXPERTISÉ),175000DH
570,Ford Kuga 4x4 diesel 1er main 6cv ww,225000DH
571,Classe C 220,87000DH
572,JEEP Grand Cherokee (VÉHICULE EXPERTISÉ) ,195000DH
573,Volkswagen touareg automatique ,0DH
574,Renault Talisman,215000DH
575,HYUNDAI TUCSON 1.7 CRDI EXECUTIVE AUTOMATIQUE FULL,249000DH
576,Derkaoui Auto - Dacia Duster 1.5 dCi Lauréate,135000DH
577,Suzuki grand vitara ,42000DH
578,Toyota Corolla Essence,90000DH
579,Derkaoui Auto - Dacia Dokker 6 Portes,108000DH
580,KIA PROCEED 1.6L GT LINE BVA,269000DH
581,peugeot 208,93000DH
582,Dacia dokker,110000DH
583,Honda CR-V Diesel 6cv 1er Main,162000DH
584,Ford focus,89000DH
585,Pick-up مليحة ,0DH
586,dacia 3amra,58000DH
587,GOLF 4,82000DH
588,301 diesel,81000DH
589,Range Rover SVR V8 575chv,0DH
590,Volkswagen TIGUAN  R line ,395000DH
591,Renault espace,48000DH
592,dacia docker ,95000DH
593,partner ,52000DH
594,jeep Rubicon,400000DH
595,HYUNDAI NEW CRETA PREMIUM WWW,0DH
596,DACIA DOCKER WITH ÉDITION ,0DH
597,Opel Astra,95000DH
598,Touareg 245 ch spécial Foll opt 1er main,345000DH
599,renault clio4,0DH
600,Mercedes Classe C 220d AMG line Importé neuf,0DH
601,Fiat doblo,85000DH
602,Peugot 508 Diesel,195000DH
603,Chevrolet Aveo ,59000DH
604,FORD FOCUS ÉTAT IRRÉPROCHABLE ,162000DH
605,Dacia logan ,51000DH
606,civic boîte automatique tts option,42000DH
607,Volkswagen polo,67000DH
608,dacia lagne ,103000DH
609,Peugeot 308,0DH
610,Nissan Qashqai TT option ,188000DH
611,Mercedes bon etat  ,53000DH
612,309 مليحة ,30000DH
613,Land Rover Range Rover Sport ,0DH
614,Volkswagen Passat cc ,0DH
615,Kia sorento ,0DH
616,KIA.PICANTO ,97000DH
617,Mini Cooper,87000DH
618,Land rover,0DH
619,Peugeot 208,108000DH
620,Volkswagen caddy edition special ,0DH
621,Honda Accord Platinum 2L 156 ch,82000DH
622,audi a4 automatique,99000DH
623,clio 4 automatique,119000DH
624,Citroen ,110000DH
625,Mercedes ,67000DH
626,OPEL ADAM CROSSOVER ROCKS CABRIOLET ,148000DH
627,HYUNDAI i30 (VÉHICULE EXPERTISÉ),94000DH
628,Land rover range rover sport ,150000DH
629,DACIA DOKKER 1.5 dCi 5 P Climat,118000DH
630,Volkswagen coccinelle R. Lin,0DH
631,Ford transit,0DH
632,Ford transit,0DH
633,BMW SÉRIE 2 220d Pack M,0DH
634,Peugeot 208 like diesel,87000DH
635,Hyundai I 20,125000DH
636,Audi Q5,0DH
637,Dacia Dokker Commerce Climatisée ,0DH
638,Bwm X1.    ,0DH
639,audi a5 automatique s ligne ,119000DH
640,Land Rover Rnage Rover Sport Autobiography,0DH
641,Bmw serie 5 525i e60,67000DH
642,Touran Diesel,0DH
643,Fiat Fiorino,0DH
644,Jolie Mazerati en vente,260000DH
645,polo diesel TDI,57000DH
646,Giulietta première main boite automatique ,0DH
647,chevrolet aveo lt ,36000DH
648,FIAT PUNTO,53000DH
649,Ford Fiesta ,95000DH
650,Yaris 6eme,83000DH
651,kadjar intense,185000DH
652,vente voiture ,185000DH
653,Kia carens ,73000DH
654,renault kangoo,57000DH
655,DAEWO LANOS,20000DH
656,chery qq,36000DH
657,NISSAN Qashqai (VÉHICULE EXPERTISÉ),155000DH
658,MAZDA 3 (VÉHICULE EXPERTISÉ),90000DH
659,Volkswagen golf 7,343000DH
660,VOLKSWAGEN Golf 7 GTD (VÉHICULE EXPERTISÉ),200000DH
661, honda accord,105000DH
662,pegeaut 406 diesel 8 cheveux,38000DH
663,clio 2 classiq essens 1.5,40000DH
664,Honda accord,45000DH
665,alfa romeo Giulietta,172000DH
666,DACIA Dokker (VÉHICULE EXPERTISÉ),108000DH
667,Nissan Murano,46000DH
668,Volkswagen Passat cc,0DH
669,Honda Accord Essence,103000DH
670,Hyundai I40 Diesel Toutes options,137000DH
671,Skoda Octavia ,0DH
672,Nissan Qashqai ,248000DH
673,Dacia Dokker ,89000DH
674,seat,36000DH
675,Megane 3 gtline,125000DH
676,volkesvegane golfe 5,85000DH
677,benz amg 220 ded2016,0DH
678,Clio diesel ,0DH
679,clio 4 ,109000DH
680,pajero sport,0DH
681,Ford Fiesta ,68000DH
682,Audi Q7  4x4 à vendre,110000DH
683,Ford Kuga Diesel,0DH
684,VOLKSWAGEN Jetta Essence,0DH
685,kia Sportage diesel,68000DH
686,Dacia  duster automatique ,0DH
687,megane 4 tt options ,159000DH
688,Volkswagen Tiguan 2.0 Tdi Automatique 4 motion,167000DH
689,VOLKSWAGEN TOUAREG BAROUDEUR,195000DH
690,fiat palio,37000DH
691,Siena,38000DH
692,RENAULT Kangoo  (VÉHICULE EXPERTISÉ),84000DH
693,Range rover SVR,1290000DH
694,Cla 220 pack AMG,0DH
695,Mercedes  E220,0DH
696,Dacia Dokker loureat climat 18,97000DH
697,kia picanto,44000DH
698,Vente voiture toyota yaris ,97000DH
699,Peugeot 307 diesel ,64000DH
700,Jeep Cherokee,210000DH
701,FORD KUGA TITANIUM ,225000DH
702,Peugeot 308 allure ,168000DH
703,voiture Ford ranger,255000DH
704,renault clio,37000DH
705,Ford focus  sport ,162000DH
706,Audi Q5 Hybride,260000DH
707,Jaguar F-Pace type R Importée,0DH
708,kadjar tt option,172000DH
709,Peugeot partner ,108000DH
710,volkswagen Golf 7 2.0L,153000DH
711,Audi Q5 2L S line Reprise possible,540000DH
712,Mercedes-Benz GLC 250 AMG Reprise possible ',480000DH
713,Jaguar  XF  2.2 Reprise  possible  ,145000DH
714,Stepway Dokker 1ere main,163000DH
715,Mercedes-benz Classe S 350 Bluetec Pack AMG,0DH
716,Toyota Prado Diesel 7places Tout option ,185000DH
717,Volkswagen Touareg R5 en Bon etat,78000DH
718,Hyundai I20 essence etat Neuf,103000DH
719,vente RENAULT KANGOO 6 PORTE,68000DH
720,RANGE ROVER VELAR ,0DH
721,Land Rover Range Rover Vogue Diesel,0DH
722,KIA Cerato  (VÉHICULE EXPERTISÉ),75000DH
723,RENAULT Kangoo (VÉHICULE EXPERTISÉ),133000DH
724,Porsche Macan S,0DH
725,Peugeot expert ,0DH
726,Hyundai Santa fe automatique,0DH
727,208 panoramic,110000DH
728,peugeot 301,85000DH
729,Renault 19 ,41000DH
730,Honda Accord en Bon etat,49000DH
731,Classe A 180,0DH
732,citroen essance 1er man,72000DH
733,Golf 6 pak,0DH
734,BMW M3 330 en Bon etat,108000DH
735,Peugeot très bonne,138000DH
736,Dacio sandero essence,88000DH
737,Skoda Kodiaq diésel ,0DH
738,Golf 7 Gtd,0DH
739,Classe E 220 importée neuve,0DH
740,Voiture très propre ,0DH
741,Renault laguna 3 version prestige,87000DH
742,BMW 318 d ,0DH
743,Dacia dokker ,0DH
744,Audi q3 diesel ,0DH
745,Class A 200 Importée neuve,0DH
746,Dacia Logan etat neuf,95000DH
747,Range rover,0DH
748,Audi Q7 importée neuve 7 places,0DH
749,Renault Master ,198000DH
750,Mercedes Glc 300De ,0DH
751,Berlingo très propre,93000DH
752,Classe E 220 ,0DH
753,Golf 8 GTD Importée Neuve,0DH
754,Audie sQ5 ,0DH
755,Range Rover Evoque,367000DH
756,Seat Leon Fr Importée neuve,0DH
757,DACIA Logan (VÉHICULE EXPERTISÉ),60000DH
758,dacia Logan à vendre ,66000DH
759,dacia dokker,98000DH
760,Clio 4,87000DH
761,Volkswagen Tiguan,300000DH
762,ford kuga ,135000DH
763,Audi Q5 ,180000DH
764,Peugeot 308 active ,0DH
765,AVITO bi3-liya VOLKSWAGEN Golf 7,152000DH
766,AVITO bi3-liya HYUNDAI Santa Fe,136000DH
767,Hyundai H1 en Bon etat,62000DH
768,Pegeaut 206,50000DH
769,Dacia Logan,98000DH
770,Dacia Logan essence tout option,75000DH
771,Dacia sandero ,85000DH
772,Alfa Romeo Giulietta en Bon Etat,0DH
773,Golf6 TDi 1.6L,118000DH
774,Mercedes-Benz Classe c220 designo pack Amg ,510000DH
775,Dacia Sandero Stepway prestige diesel,105000DH
776,Peugeot 208 like diesel,92000DH
777,Mercedes Bloutic,0DH
778,Land rover range rover dynamique ,0DH
779,Class a pack AMG,220000DH
780,Ssangyong actyon diesel tt option,55000DH
781,Ford Focus 1er mai,165000DH
782,Jaguar Xf R Sport restylée,0DH
783,LAND ROVER Range Rover Sport dynamique,680000DH
784,Peugeot 2008 allure,175000DH
785,fiat grand Punto diesel,64000DH
786,Hyundai Accent a vendre,0DH
787,BMW serie 418 gran coupe ,320000DH
788,Renault symbol Essence tt option,58000DH
789,Mini Cooper Essence,115000DH
790,BMW x4 DIESEL,320000DH
791,Passat Cc 2.0dsg Advance black edition,210000DH
792,SKODA OCTAVIA  2.0L TDI AMBITION FL BVA 143CH ,195000DH
793,Mercedes-Benz GL 320 (VEHICULE IMPECCABLE),200000DH
794,Toyota Prado 4*4 diesel,0DH
795,Dacia Logan ,69000DH
796,Ford focus,57000DH
797,mercedes classe E 220 cdi,170000DH
798,Ford kuga diesel ,138000DH
799,Tucson automatique première main,240000DH
800,Fiat palio essance,0DH
801,peugeot 208 diesel tt options ,118000DH
802,NISSAN PATHFINDER DIESEL 7 PLACES,110000DH
803,Toyota Prado Tx Diesel 1 ere Main,189000DH
804,Citroen berlingo,120000DH
805,Citroen berlingo,120000DH
806,KIA CEED 1.6L GT LINE MHEV BVM 136CH ,265000DH
807,SEAT LEON FR 21,420000DH
808,Volkswagen Touran 2L DIESEL ,0DH
809,Hyundai tucson DIesel 1.6 ,0DH
810,Volkswagen Tiguan 2.0 DSG 4Motion,305000DH
811,DERKAOUI AUTO - Skoda Octavia 2.0 Édition Spécial ,215000DH
812,DERKAOUI AUTO - New Toyota Prado 3.0 D-4D,265000DH
813,pickup double cabine fiat,162000DH
814,Volkswagen GOLF 7 PLUS GTD,0DH
815,Audi SQ5 Importée neuve,0DH
816,Range Rover Vogue Autobiographie ,0DH
817,DERKAOUI AUTO - Toyota Prado Silver AT,280000DH
818,dacia doker,0DH
819,Toyota RAV4,100000DH
820,Golf 8 GTD importée neuve,0DH
821,Dfsk supercab ,0DH
822,VOLKSWAGEN  ,0DH
823,DERKAOUI AUTO - Renault Clio 1.5 dCi 40K km,135000DH
824,Fiat 500 à vendre,87000DH
825,golf 7 GTD ,220000DH
826,Grand i10 tt options,95000DH
827,Skoda octavia 2L diesel ,0DH
828,Nissan Qashqai diesel,119000DH
829,Audi q5,259000DH
830,Ford focus tetanuim,152000DH
831,Golf ,17000DH
832,Omar deroua,30000DH
833,Peugeot 406,35000DH
834,Kangoo,79000DH
835,chevrolet aveo,35000DH
836,Kia soul diesel ,87000DH
837, GTD  2016  FUUUL,285000DH
838,Volkswagen Tiguan,0DH
839,Audi A6 ,0DH
840,Ford transit Custum ,0DH
841,volkswagen ,118000DH
842,Toyota AURIS,135000DH
843,Citroen C4 tt options,100000DH
844,caddy Volkswagen,173000DH
845,min cooper essence,83000DH
846,Iveco Daily 35-15   trois pannaux ,210000DH
847,GOLF 8 R importée neuve,0DH
848,Porsche Panamera 4S,0DH
849,C4 Picasso ,97000DH
850,Mercedes class S350,0DH
851,Volkswagen Jetta highline boite auto ,0DH
852,Mercedes-Benz 240D mliha,22000DH
853,dacia sandero stepway,117000DH
854,BMW 523i Pack M,165000DH
855,Passat b6 en parfait état,0DH
856,DERKAOUI AUTO - Opel Adam 1.2 essence ,118000DH
857,Peugeot 208 1.6 HDI Active WW,158000DH
858,Derkaoui Auto - Fiat 500 1.2 BVA,149000DH
859,306 essence,30000DH
860,Raunaut Mégane classic,43000DH
861,peugeot 206,0DH
862,hyundai tucson full.options ,68000DH
863,dacia logan taxi,0DH
864,Renault megane 4 intens,0DH
865,Audi A6 TDi ultra S line,375000DH
866,Renault kangoo DCI Diesel 1ère main ,79000DH
867,Dacia Logan diesel toute option,82000DH
868,Sandero jdida,83000DH
869,Passat CC particulier,165000DH
870,jetta ,25000DH
871,Focus,42000DH
872,Hyundai Santa fe automatique diesel toute option,107000DH
873,Toyota Rav4 1er Main,95000DH
874,dacia logan,68000DH
875,Audi A5 diesel  1 er main 2L  S Line,260000DH
876,Peugeot ,32000DH
877,Mercedes ,45000DH
878,Renault Mégane 4,0DH
879,seat leon 1 main,150000DH
880,Peugeot boxer diesel,95000DH
881,Audi Q5 QUATRO BLACK 3*SLINE MATRIX PANO LED,0DH
882,RENAUT CLIO 4,110000DH
883,Dacia  essence ,88000DH
884,Volkswagen Jetta diesel ,175000DH
885,atos,43000DH
886,volkswagen ,110000DH
887,touran ,151000DH
888,HYUNDAI IX35 NEW,0DH
889,fiat,20000DH
890,Fiat palio,28000DH
891,golf 2,54000DH
892,C4 PICASSO Exclusive boite automatique,95000DH
893,Range Velar R Dynamic 240d,0DH
894,VW JETTA JDIDA,0DH
895,vw gol essence,38000DH
896,Dacia Logan diesel,0DH
897,Toyota RAV4 Diesel 4x4 tts options neuf,115000DH
898,Dacia dokker diesel 6 portes,0DH
899,Scenic diwana 2008,0DH
900,Ford fiesta ,95000DH
901,Renault megane 3 gt line,110500DH
902,Peugeot 208 diesel ,155000DH
903,Peugeot 205,38000DH
904,Hyundai H-1,70000DH
905,Tourneo custum,0DH
906,Mercedes Classe G 63 Pack Omg,0DH
907,Serie 3 E92,180000DH
908,Citroën c4 diesel ,125000DH
909,Clio  Essence,46000DH
910,Range Rover Evoque SD4,0DH
911,renault kangoo d65 ,80000DH
912,1ère Main hyundai i30 diesel automatique,0DH
913,Range Rover Evoque Prestige BVA,0DH
914,Honda CR-V Confort Diesel ,163000DH
915,Tiguan très bon état,190000DH
916,VOLKSWAGEN Golf Diesel Importe Neuf,0DH
917,ford tourneo touristique,150000DH
918,سيارة جديدة اللهم بارك ,117000DH
919,voiture Hyundai à vendre modèle ,105000DH
920,FORD Fiesta Diesel,92000DH
921,Audi S1 quattro 231 cv,0DH
922,CADDY edition 35,180000DH
923,Ford Fiesta essance,65000DH
924,Mercedez ML 320,0DH
925,Mercedes classe B180 très bon ,0DH
926,Ford Kuga diesel,175000DH
927,fiat,23000DH
928,kangoo dcii,78000DH
929,BM X3 xDrive,0DH
930,Suzuki Swift essance,50000DH
931,Citroen berlingo deisel,95000DH
932,C3 diesel 6cv ded très bon état,59000DH
933,Dacia logan ,59000DH
934,Dacia Dokker,85000DH
935,Touareg diesel automatique extrême 1er main,250000DH
936,Jaguar XE 2.0L Diesel ,305000DH
937,Fiat Tipo 5cv diesel écran tactile 1er main,115000DH
938,opel corsa essence ,59000DH
939,Ford feista,0DH
940,Belle AUDI Q5,230000DH
941,Skoda Octavia,188000DH
942,Chevrolet captiva Diesel 7 place,88000DH
943,bmw serie 5,35000DH
944,berlingo ,1DH
945,pajro dedouané,55000DH
946,Renault clio ,113000DH
947,Dacia Logan,89000DH
948,Clio 4 ,92000DH
949,Dacia Sandero essence toute option,62000DH
950,BMW X5 Diesel ,0DH
951,Mercedes-Benz A 180 d AMG,0DH
952,Volkswagen touareg ,0DH
953,audi A 6 boite auto,0DH
954,VOLKSWAGEN Tiguan Diesel ,235000DH
955,i10 hyundai,0DH
956,Fiat palio essence ,34000DH
957,Fiat 500,95000DH
958,Renault Clio 4 Intense,0DH
959,Mercedes class A,0DH
960,Kadjar diesel avendre ,175000DH
961,Audi A3 pack S3 full carbone,218000DH
962,Maserati Levante ,0DH
963,Toyota Prius ,110000DH
964,Swift Suzuki ,0DH
965,TOYOTA AURIS ,80000DH
966,Dacia Dokker,93000DH
967,Volkswagen caddy ,95000DH
968,HYUNDAI I30 EN VENTE,170000DH
969,BMW série 5,0DH
970,Hyundai Santa-fe Diesel 1er main ,150000DH
971,Audi A3 Sline automatique,0DH
972,Fiat palio,37000DH
973,Bmw serie 5 520d luxury ,195000DH
974,Renault CLIO 4 ,0DH
975,porsche cayenne diesel    ,0DH
976,Honda jdida reprise ok,87000DH
977,Volkswagen Tiguan ,0DH
978,Hyundai Santafe BVA,0DH
979,Hyundai Sante fe ,0DH
980,Ford Fiesta diesel jadiida,99000DH
981,Range rover sport HSE dynamique,0DH
982,Jeep grande cherokee diesel ,0DH
983,GOLF 7 Highline,158000DH
984,Peugeot 308 automatique ,0DH
985,AUDI Q3 S LINE 40 TDI QUATTRO,655000DH
986,RENAULT kongoo explore 1.5 DCI,0DH
987,Fiat 500 Abarth ,135000DH
988,Peugeot 301 essence ,0DH
989,Honda Accord Diesel,0DH
990,sharan   2L  siri cup 2015,0DH
991,Ford trend plus ,112000DH
992,Renault Kangoo,125000DH
993,Renault 19,24000DH
994,Dacia Dokker Diesel 18,98000DH
995,Honda jazz,55000DH
996,audi A5 sline quattro,295000DH
997,Renault Clio 4 automatique,132000DH
998,Range Rover Evoque ,0DH
999,ford fiesta diesel ,138000DH
1000,Renault koleos intense Tronik cuir automatique ,275000DH
1001,golf 6 automatique dédouané,125000DH
1002,Mercedes C220 diesel BVA ,0DH
1003,Renault megane diesel ,0DH
1004,Ford Focus Diesel,0DH
1005,Porsche Macan S,0DH
1006,Dacia logane loureat climat 18,86000DH
1007,VW Jetta 1.6tdi Highline DSG,165000DH
1008,Mercedes GLE 350 CDI AMG W Maroc,500000DH
1009,Audi RS3 best in maroc,0DH
1010,Land Rover sport V6 ,175000DH
1011,évoque tte option px sortie de la maison 640 000,200000DH
1012,opel Corsa a vendre,0DH
1013,citroen  c15 ,34000DH
1014,Mercedes GLC 300 pack AMG LINE plus,0DH
1015,Mercedes GLC 300 pack AMG LINE plus,0DH
1016,Nissan,55000DH
1017,Volkswagen tiguan pack R Diesel,0DH
1018,RENAULT Laguna Diesel première main 1 ,80000DH
1019,volkswagen golf 8 RLINE,0DH
1020,Dacia dokker tt option ,123000DH
1021,Peugeot 301,88000DH
1022,Nissan Qashqai Très bon État,135000DH
1023,PEUGEOT 3008,0DH
1024,Bmw serie 4 pack sport,245000DH
1025,Renault Clio 4,0DH
1026,Renault kangoo ,0DH
1027,Ford koga ,0DH
1028,PEUGEOT 208,0DH
1029,Citroen C1,82000DH
1030,Audi A3 2L automatic ,245000DH
1031,range rover evoque           ,0DH
1032,clio4  a vendre ,108000DH
1033,FORD FIESTA ,0DH
1034,bmW 525d,170000DH
1035,Mercedes E 280 automatique très bon état,79500DH
1036,clio blanche,0DH
1037,GOLF 4,79000DH
1038,Renault Clio4 intense tout option ,142000DH
1039,Renault Clio vitesse automatique ,0DH
1040,volkswagen GOLF 6,116000DH
1041,Mercedes ml ,0DH
1042,Ford explorer,93000DH
1043,ferrari f430 spider cabriolet ,0DH
1044,Maserati Ghibli Diesel,0DH
1045,BMW série5 ,0DH
1046,RENAULT MEGANE,0DH
1047,Jeep Wrangler JK Sahara ,308000DH
1048,Range Rover Velar ,0DH
1049,Audi A5 S-line ,0DH
